{
    "rmse": 0.6807047413191748,
    "mae": 0.5297646405482691,
    "r2": 0.2898713488821385
}