{
    "rmse": 0.680227234651076,
    "mae": 0.519012686087998,
    "r2": 0.28583255014500686
}